Time,Protocol,Node,Energy,Active,Packets_Sent,Packets_Received,Alarms_Sent
5,DSR,Node A,100.0,True,0,0,0
5,DSR,Node B,100.0,True,0,0,0
5,DSR,Node C,100.0,True,0,0,0
5,DSR,Node D,100.0,True,0,0,0
5,DSR,Node E,100.0,True,0,0,0
5,DSR,Node F,100.0,True,0,0,0
5,DSR,Node G,100.0,True,0,0,0
5,DSR,Node H,100.0,True,0,0,0
5,DSR,Node I,100.0,True,0,0,0
5,DSR,Node J,100.0,True,0,0,0
5,DSR,Node K,99.64075337427144,True,2,0,0
5,DSR,Node L,100.0,True,0,0,0
5,DSR,Node M,100.0,True,0,0,0
5,DSR,Node N,100.0,True,0,0,0
5,DSR,Node O,100.0,True,0,0,0
5,DSR,Node P,100.0,True,0,0,0
5,DSR,Node Q,100.0,True,0,0,0
5,DSR,Node R,100.0,True,0,0,0
5,DSR,Node S,100.0,True,0,0,0
5,DSR,Node T,100.0,True,0,0,0
5,DSR,BS,100.0,True,0,0,0
5,DSR,Malicious Node,100.0,True,0,0,0
5,SFA,Node A,100.0,True,0,0,0
5,SFA,Node B,100.0,True,0,0,0
5,SFA,Node C,100.0,True,0,0,0
5,SFA,Node D,100.0,True,0,0,0
5,SFA,Node E,100.0,True,0,0,0
5,SFA,Node F,100.0,True,0,0,0
5,SFA,Node G,100.0,True,0,0,0
5,SFA,Node H,100.0,True,0,0,0
5,SFA,Node I,100.0,True,0,0,0
5,SFA,Node J,100.0,True,0,0,0
5,SFA,Node K,100.0,True,0,0,0
5,SFA,Node L,100.0,True,0,0,0
5,SFA,Node M,99.44944110869493,True,2,1,0
5,SFA,Node N,100.0,True,0,0,0
5,SFA,Node O,100.0,True,0,0,0
5,SFA,Node P,100.0,True,0,0,0
5,SFA,Node Q,99.57571191997641,True,1,1,0
5,SFA,Node R,100.0,True,0,0,0
5,SFA,Node S,100.0,True,0,0,0
5,SFA,Node T,100.0,True,0,0,0
5,SFA,BS,100.0,True,0,0,0
5,SFA,Malicious Node,100.0,True,0,0,0
10,DSR,Node A,100.0,True,0,0,0
10,DSR,Node B,99.9,True,0,1,0
10,DSR,Node C,100.0,True,0,0,0
10,DSR,Node D,100.0,True,0,0,0
10,DSR,Node E,100.0,True,0,0,0
10,DSR,Node F,100.0,True,0,0,0
10,DSR,Node G,99.9,True,0,1,0
10,DSR,Node H,99.55402075294933,True,1,2,0
10,DSR,Node I,100.0,True,0,0,0
10,DSR,Node J,100.0,True,0,0,0
10,DSR,Node K,99.51749059475785,True,3,0,0
10,DSR,Node L,98.49307818063049,True,6,2,0
10,DSR,Node M,100.0,True,0,0,0
10,DSR,Node N,99.9,True,0,1,0
10,DSR,Node O,100.0,True,0,0,0
10,DSR,Node P,100.0,True,0,0,0
10,DSR,Node Q,98.56808050139422,True,5,2,0
10,DSR,Node R,99.9,True,0,1,0
10,DSR,Node S,100.0,True,0,0,0
10,DSR,Node T,99.9,True,0,1,0
10,DSR,BS,100.0,True,0,0,0
10,DSR,Malicious Node,100.0,True,0,0,0
10,SFA,Node A,99.87407802901124,True,1,0,0
10,SFA,Node B,100.0,True,0,0,0
10,SFA,Node C,100.0,True,0,0,0
10,SFA,Node D,100.0,True,0,0,0
10,SFA,Node E,99.5684012428217,True,1,1,0
10,SFA,Node F,100.0,True,0,0,0
10,SFA,Node G,99.5184012428217,True,2,1,0
10,SFA,Node H,100.0,True,0,0,0
10,SFA,Node I,99.90675363461206,True,1,0,0
10,SFA,Node J,99.69776362406706,True,1,0,0
10,SFA,Node K,100.0,True,0,0,0
10,SFA,Node L,99.65349583087807,True,1,0,0
10,SFA,Node M,99.44944110869493,True,2,1,0
10,SFA,Node N,99.77372918871852,True,1,1,0
10,SFA,Node O,100.0,True,0,0,0
10,SFA,Node P,99.78115134341887,True,1,0,0
10,SFA,Node Q,99.41721625685645,True,2,1,0
10,SFA,Node R,99.79819426015892,True,1,0,0
10,SFA,Node S,99.64490173722066,True,2,1,0
10,SFA,Node T,99.90994887226793,True,1,0,0
10,SFA,BS,100.0,True,0,0,0
10,SFA,Malicious Node,100.0,True,0,0,0
15,DSR,Node A,100.0,True,0,0,0
15,DSR,Node B,99.28806726818725,True,3,2,0
15,DSR,Node C,99.12006287085906,True,4,0,0
15,DSR,Node D,99.80000000000001,True,0,2,0
15,DSR,Node E,100.0,True,0,0,0
15,DSR,Node F,99.9,True,0,1,0
15,DSR,Node G,99.9,True,0,1,0
15,DSR,Node H,98.70473530148456,True,5,3,0
15,DSR,Node I,99.9,True,0,1,0
15,DSR,Node J,99.9,True,0,1,0
15,DSR,Node K,99.51749059475785,True,3,0,0
15,DSR,Node L,98.3930781806305,True,6,3,0
15,DSR,Node M,99.57990360508802,True,1,1,0
15,DSR,Node N,99.29482154211276,True,2,1,0
15,DSR,Node O,99.9,True,0,1,0
15,DSR,Node P,99.80000000000001,True,0,2,0
15,DSR,Node Q,98.56808050139422,True,5,2,0
15,DSR,Node R,99.9,True,0,1,0
15,DSR,Node S,99.9,True,0,1,0
15,DSR,Node T,99.9,True,0,1,0
15,DSR,BS,100.0,True,0,0,0
15,DSR,Malicious Node,100.0,True,0,0,0
15,SFA,Node A,99.87407802901124,True,1,0,0
15,SFA,Node B,99.69686108595761,True,2,0,0
15,SFA,Node C,99.77936528729629,True,1,0,0
15,SFA,Node D,99.29360465810817,True,2,1,0
15,SFA,Node E,99.1292621140618,True,2,1,0
15,SFA,Node F,99.6444851148874,True,1,0,0
15,SFA,Node G,98.95820518317305,True,4,2,0
15,SFA,Node H,99.69241243089877,True,1,0,0
15,SFA,Node I,99.90675363461206,True,1,0,0
15,SFA,Node J,99.69776362406706,True,1,0,0
15,SFA,Node K,99.62580555224612,True,1,0,0
15,SFA,Node L,99.65349583087807,True,1,0,0
15,SFA,Node M,98.9146899048965,True,4,1,0
15,SFA,Node N,99.45510929685445,True,2,1,0
15,SFA,Node O,99.67671834463228,True,1,0,0
15,SFA,Node P,99.51629447846734,True,2,1,0
15,SFA,Node Q,99.41721625685645,True,2,1,0
15,SFA,Node R,99.79819426015892,True,1,0,0
15,SFA,Node S,99.64490173722066,True,2,1,0
15,SFA,Node T,99.90994887226793,True,1,0,0
15,SFA,BS,100.0,True,0,0,0
15,SFA,Malicious Node,99.50814948572973,True,1,0,0
20,DSR,Node A,99.9,True,0,1,0
20,DSR,Node B,99.28806726818725,True,3,2,0
20,DSR,Node C,99.02006287085906,True,4,1,0
20,DSR,Node D,99.60000000000002,True,0,4,0
20,DSR,Node E,99.33129106024691,True,3,0,0
20,DSR,Node F,99.80000000000001,True,0,2,0
20,DSR,Node G,99.34112559404095,True,3,2,0
20,DSR,Node H,98.70473530148456,True,5,3,0
20,DSR,Node I,99.80000000000001,True,0,2,0
20,DSR,Node J,99.80000000000001,True,0,2,0
20,DSR,Node K,99.51749059475785,True,3,0,0
20,DSR,Node L,98.3930781806305,True,6,3,0
20,DSR,Node M,98.37225579640749,True,7,2,0
20,DSR,Node N,99.29482154211276,True,2,1,0
20,DSR,Node O,99.80000000000001,True,0,2,0
20,DSR,Node P,99.80000000000001,True,0,2,0
20,DSR,Node Q,98.56808050139422,True,5,2,0
20,DSR,Node R,99.70000000000002,True,0,3,0
20,DSR,Node S,99.80000000000001,True,0,2,0
20,DSR,Node T,99.9,True,0,1,0
20,DSR,BS,100.0,True,0,0,0
20,DSR,Malicious Node,100.0,True,0,0,0
20,SFA,Node A,99.38202161009119,True,3,0,0
20,SFA,Node B,99.55857903686675,True,3,0,0
20,SFA,Node C,99.77936528729629,True,1,0,0
20,SFA,Node D,99.29360465810817,True,2,1,0
20,SFA,Node E,99.1292621140618,True,2,1,0
20,SFA,Node F,99.2889702297748,True,2,0,0
20,SFA,Node G,98.7743729382318,True,5,2,0
20,SFA,Node H,99.69241243089877,True,1,0,0
20,SFA,Node I,99.63858108915755,True,2,0,0
20,SFA,Node J,99.39552724813413,True,2,0,0
20,SFA,Node K,99.62580555224612,True,1,0,0
20,SFA,Node L,99.30699166175614,True,2,0,0
20,SFA,Node M,98.81468990489651,True,4,2,0
20,SFA,Node N,99.45510929685445,True,2,1,0
20,SFA,Node O,99.35343668926456,True,2,0,0
20,SFA,Node P,99.29744582188621,True,3,1,0
20,SFA,Node Q,99.25872059373648,True,3,1,0
20,SFA,Node R,99.79819426015892,True,1,0,0
20,SFA,Node S,99.43980347444132,True,3,1,0
20,SFA,Node T,99.90994887226793,True,1,0,0
20,SFA,BS,100.0,True,0,0,0
20,SFA,Malicious Node,98.84089280505027,True,3,2,0
25,DSR,Node A,99.45168081178025,True,2,1,0
25,DSR,Node B,99.18806726818725,True,3,3,0
25,DSR,Node C,98.92006287085907,True,4,2,0
25,DSR,Node D,99.50000000000003,True,0,5,0
25,DSR,Node E,99.13129106024692,True,3,2,0
25,DSR,Node F,99.14137776762534,True,4,2,0
25,DSR,Node G,99.19112559404095,True,4,3,0
25,DSR,Node H,98.19081283103233,True,7,3,0
25,DSR,Node I,99.80000000000001,True,0,2,0
25,DSR,Node J,99.80000000000001,True,0,2,0
25,DSR,Node K,99.51749059475785,True,3,0,0
25,DSR,Node L,98.3930781806305,True,6,3,0
25,DSR,Node M,98.37225579640749,True,7,2,0
25,DSR,Node N,99.19482154211276,True,2,2,0
25,DSR,Node O,99.70000000000002,True,0,3,0
25,DSR,Node P,99.60000000000002,True,0,4,0
25,DSR,Node Q,98.56808050139422,True,5,2,0
25,DSR,Node R,98.44421535916585,True,5,4,0
25,DSR,Node S,99.80000000000001,True,0,2,0
25,DSR,Node T,99.80000000000001,True,0,2,0
25,DSR,BS,100.0,True,0,0,0
25,DSR,Malicious Node,100.0,True,0,0,0
25,SFA,Node A,99.38202161009119,True,3,0,0
25,SFA,Node B,99.55857903686675,True,3,0,0
25,SFA,Node C,99.55873057459257,True,2,0,0
25,SFA,Node D,98.96357313092373,True,3,1,0
25,SFA,Node E,98.69012298530191,True,3,1,0
25,SFA,Node F,98.9207976843203,True,3,1,0
25,SFA,Node G,98.7743729382318,True,5,2,0
25,SFA,Node H,99.38482486179754,True,2,0,0
25,SFA,Node I,99.44533472376962,True,3,1,0
25,SFA,Node J,99.39552724813413,True,2,0,0
25,SFA,Node K,99.0929735543685,True,3,0,0
25,SFA,Node L,99.30699166175614,True,2,0,0
25,SFA,Node M,98.27993870109809,True,6,2,0
25,SFA,Node N,99.13648940499037,True,3,1,0
25,SFA,Node O,99.35343668926456,True,2,0,0
25,SFA,Node P,99.29744582188621,True,3,1,0
25,SFA,Node Q,99.25872059373648,True,3,1,0
25,SFA,Node R,99.59638852031784,True,2,0,0
25,SFA,Node S,99.43980347444132,True,3,1,0
25,SFA,Node T,99.81989774453587,True,2,0,0
25,SFA,BS,100.0,True,0,0,0
25,SFA,Malicious Node,98.14792005803184,True,5,3,0
30,DSR,Node A,99.45168081178025,True,2,1,1
30,DSR,Node B,99.08806726818726,True,3,4,1
30,DSR,Node C,98.82006287085908,True,4,3,1
30,DSR,Node D,99.30000000000004,True,0,7,1
30,DSR,Node E,99.03129106024693,True,3,3,1
30,DSR,Node F,99.14137776762534,True,4,2,1
30,DSR,Node G,99.09112559404096,True,4,4,1
30,DSR,Node H,97.49239376423162,True,11,3,1
30,DSR,Node I,99.80000000000001,True,0,2,1
30,DSR,Node J,99.70000000000002,True,0,3,1
30,DSR,Node K,99.51749059475785,True,3,0,1
30,DSR,Node L,98.2930781806305,True,6,4,1
30,DSR,Node M,98.37225579640749,True,7,2,1
30,DSR,Node N,99.19482154211276,True,2,2,1
30,DSR,Node O,99.60000000000002,True,0,4,1
30,DSR,Node P,99.50000000000003,True,0,5,1
30,DSR,Node Q,98.46808050139423,True,5,3,1
30,DSR,Node R,96.93516219463211,True,11,4,1
30,DSR,Node S,99.70000000000002,True,0,3,1
30,DSR,Node T,99.24106618378696,True,2,2,1
30,DSR,BS,100.0,True,0,0,1
30,DSR,Malicious Node,100.0,True,0,0,1
30,SFA,Node A,99.25609963910243,True,4,0,1
30,SFA,Node B,99.55857903686675,True,3,0,1
30,SFA,Node C,99.55873057459257,True,2,0,1
30,SFA,Node D,98.96357313092373,True,3,1,1
30,SFA,Node E,98.69012298530191,True,3,1,1
30,SFA,Node F,98.56528279920771,True,4,1,1
30,SFA,Node G,98.59054069329056,True,6,2,1
30,SFA,Node H,99.12120552373959,True,3,0,1
30,SFA,Node I,99.44533472376962,True,3,1,1
30,SFA,Node J,98.44060695233408,True,5,2,1
30,SFA,Node K,98.61877910661462,True,4,1,1
30,SFA,Node L,98.96048749263421,True,3,0,1
30,SFA,Node M,97.84630973004784,True,7,2,1
30,SFA,Node N,98.89813842460102,True,4,1,1
30,SFA,Node O,99.35343668926456,True,2,0,1
30,SFA,Node P,99.29744582188621,True,3,1,1
30,SFA,Node Q,98.92036961334713,True,4,2,1
30,SFA,Node R,99.59638852031784,True,2,0,1
30,SFA,Node S,99.23470521166197,True,4,1,1
30,SFA,Node T,99.81989774453587,True,2,0,1
30,SFA,BS,100.0,True,0,0,1
30,SFA,Malicious Node,97.49025435023052,True,7,4,1
35,DSR,Node A,99.45168081178025,True,2,1,3
35,DSR,Node B,98.51470557657235,True,7,4,3
35,DSR,Node C,98.82006287085908,True,4,3,3
35,DSR,Node D,99.20000000000005,True,0,8,3
35,DSR,Node E,99.03129106024693,True,3,3,3
35,DSR,Node F,98.94137776762535,True,4,4,3
35,DSR,Node G,99.09112559404096,True,4,4,3
35,DSR,Node H,97.2918915145926,True,12,4,3
35,DSR,Node I,99.80000000000001,True,0,2,3
35,DSR,Node J,99.70000000000002,True,0,3,3
35,DSR,Node K,98.9349811895157,True,6,1,3
35,DSR,Node L,98.09307818063051,True,6,6,3
35,DSR,Node M,98.37225579640749,True,7,2,3
35,DSR,Node N,99.19482154211276,True,2,2,3
35,DSR,Node O,99.50000000000003,True,0,5,3
35,DSR,Node P,99.40000000000003,True,0,6,3
35,DSR,Node Q,98.26808050139424,True,5,5,3
35,DSR,Node R,96.93516219463211,True,11,4,3
35,DSR,Node S,99.22040546451616,True,2,4,3
35,DSR,Node T,98.2943874266428,True,6,2,3
35,DSR,BS,100.0,True,0,0,3
35,DSR,Malicious Node,100.0,True,0,0,3
35,SFA,Node A,99.25609963910243,True,4,0,3
35,SFA,Node B,99.42029698777588,True,4,0,3
35,SFA,Node C,99.33809586188886,True,3,0,3
35,SFA,Node D,98.6335416037393,True,4,1,3
35,SFA,Node E,98.25098385654202,True,4,1,3
35,SFA,Node F,98.36565627244984,True,5,2,3
35,SFA,Node G,98.59054069329056,True,6,2,3
35,SFA,Node H,98.61399142788049,True,5,1,3
35,SFA,Node I,99.11282284807388,True,5,1,3
35,SFA,Node J,98.44060695233408,True,5,2,3
35,SFA,Node K,98.61877910661462,True,4,1,3
35,SFA,Node L,98.77399641492109,True,4,0,3
35,SFA,Node M,97.84630973004784,True,7,2,3
35,SFA,Node N,98.20844957147936,True,6,2,3
35,SFA,Node O,98.69088952358904,True,4,1,3
35,SFA,Node P,99.07859716530508,True,4,1,3
35,SFA,Node Q,98.76187395022717,True,5,2,3
35,SFA,Node R,99.39458278047677,True,3,0,3
35,SFA,Node S,99.23470521166197,True,4,1,3
35,SFA,Node T,99.45877765554621,True,4,0,3
35,SFA,BS,100.0,True,0,0,3
35,SFA,Malicious Node,96.89840383596025,True,8,5,3
40,DSR,Node A,99.35168081178026,True,2,2,5
40,DSR,Node B,98.51470557657235,True,7,4,5
40,DSR,Node C,98.72006287085908,True,4,4,5
40,DSR,Node D,99.10000000000005,True,0,9,5
40,DSR,Node E,99.03129106024693,True,3,3,5
40,DSR,Node F,98.84137776762536,True,4,5,5
40,DSR,Node G,98.27484851386671,True,9,5,5
40,DSR,Node H,97.2918915145926,True,12,4,5
40,DSR,Node I,99.80000000000001,True,0,2,5
40,DSR,Node J,99.70000000000002,True,0,3,5
40,DSR,Node K,98.9349811895157,True,6,1,5
40,DSR,Node L,97.89307818063052,True,6,8,5
40,DSR,Node M,98.1722557964075,True,7,4,5
40,DSR,Node N,99.19482154211276,True,2,2,5
40,DSR,Node O,99.50000000000003,True,0,5,5
40,DSR,Node P,98.0973219360651,True,5,7,5
40,DSR,Node Q,98.16808050139424,True,5,6,5
40,DSR,Node R,96.83516219463212,True,11,5,5
40,DSR,Node S,98.84515270122989,True,4,4,5
40,DSR,Node T,98.1943874266428,True,6,3,5
40,DSR,BS,100.0,True,0,0,5
40,DSR,Malicious Node,100.0,True,0,0,5
40,SFA,Node A,99.13017766811367,True,5,0,5
40,SFA,Node B,99.42029698777588,True,4,0,5
40,SFA,Node C,99.33809586188886,True,3,0,5
40,SFA,Node D,98.2571777890319,True,5,2,5
40,SFA,Node E,98.25098385654202,True,4,1,5
40,SFA,Node F,98.36565627244984,True,5,2,5
40,SFA,Node G,98.03034463364192,True,8,3,5
40,SFA,Node H,98.61399142788049,True,5,1,5
40,SFA,Node I,99.01282284807388,True,5,2,5
40,SFA,Node J,97.85187949868802,True,7,3,5
40,SFA,Node K,98.39687868639133,True,5,2,5
40,SFA,Node L,98.32749224579916,True,5,1,5
40,SFA,Node M,97.41268075899758,True,8,2,5
40,SFA,Node N,97.88982967961529,True,7,2,5
40,SFA,Node O,98.56898910336574,True,5,1,5
40,SFA,Node P,99.07859716530508,True,4,1,5
40,SFA,Node Q,98.6033782871072,True,6,2,5
40,SFA,Node R,99.39458278047677,True,3,0,5
40,SFA,Node S,99.02960694888263,True,5,1,5
40,SFA,Node T,99.45877765554621,True,4,0,5
40,SFA,BS,100.0,True,0,0,5
40,SFA,Malicious Node,96.89840383596025,True,8,5,5
45,DSR,Node A,99.35168081178026,True,2,2,12
45,DSR,Node B,98.51470557657235,True,7,4,12
45,DSR,Node C,98.72006287085908,True,4,4,12
45,DSR,Node D,99.00000000000006,True,0,10,12
45,DSR,Node E,99.03129106024693,True,3,3,12
45,DSR,Node F,98.74137776762537,True,4,6,12
45,DSR,Node G,98.17484851386672,True,9,6,12
45,DSR,Node H,97.09189151459262,True,12,6,12
45,DSR,Node I,99.70000000000002,True,0,3,12
45,DSR,Node J,99.60000000000002,True,0,4,12
45,DSR,Node K,98.8349811895157,True,6,2,12
45,DSR,Node L,96.85881346345177,True,11,8,12
45,DSR,Node M,98.1722557964075,True,7,4,12
45,DSR,Node N,99.19482154211276,True,2,2,12
45,DSR,Node O,99.40000000000003,True,0,6,12
45,DSR,Node P,97.52470497633784,True,7,8,12
45,DSR,Node Q,98.16808050139424,True,5,6,12
45,DSR,Node R,96.83516219463212,True,11,5,12
45,DSR,Node S,98.7451527012299,True,4,5,12
45,DSR,Node T,96.66017764745418,True,11,4,12
45,DSR,BS,100.0,True,0,0,12
45,DSR,Malicious Node,100.0,True,0,0,12
45,SFA,Node A,99.03017766811368,True,5,1,12
45,SFA,Node B,99.32029698777589,True,4,1,12
45,SFA,Node C,99.23809586188887,True,3,1,12
45,SFA,Node D,98.1571777890319,True,5,3,12
45,SFA,Node E,98.15098385654203,True,4,2,12
45,SFA,Node F,98.26565627244985,True,5,3,12
45,SFA,Node G,98.03034463364192,True,8,3,12
45,SFA,Node H,98.61399142788049,True,5,1,12
45,SFA,Node I,99.01282284807388,True,5,2,12
45,SFA,Node J,97.85187949868802,True,7,3,12
45,SFA,Node K,98.39687868639133,True,5,2,12
45,SFA,Node L,98.32749224579916,True,5,1,12
45,SFA,Node M,96.97905178794733,True,9,2,12
45,SFA,Node N,97.88982967961529,True,7,2,12
45,SFA,Node O,98.56898910336574,True,5,1,12
45,SFA,Node P,98.85974850872395,True,5,1,12
45,SFA,Node Q,98.6033782871072,True,6,2,12
45,SFA,Node R,99.39458278047677,True,3,0,12
45,SFA,Node S,99.02960694888263,True,5,1,12
45,SFA,Node T,99.45877765554621,True,4,0,12
45,SFA,BS,97.80580954672934,True,9,0,12
45,SFA,Malicious Node,96.40655332168998,True,9,5,12
50,DSR,Node A,99.35168081178026,True,2,2,15
50,DSR,Node B,98.41470557657236,True,7,5,15
50,DSR,Node C,98.72006287085908,True,4,4,15
50,DSR,Node D,99.00000000000006,True,0,10,15
50,DSR,Node E,99.03129106024693,True,3,3,15
50,DSR,Node F,98.74137776762537,True,4,6,15
50,DSR,Node G,98.17484851386672,True,9,6,15
50,DSR,Node H,96.99189151459262,True,12,7,15
50,DSR,Node I,99.58037033396168,True,1,3,15
50,DSR,Node J,99.60000000000002,True,0,4,15
50,DSR,Node K,98.73498118951571,True,6,3,15
50,DSR,Node L,96.24355692979393,True,13,9,15
50,DSR,Node M,98.0722557964075,True,7,5,15
50,DSR,Node N,99.19482154211276,True,2,2,15
50,DSR,Node O,98.26695628251711,True,4,7,15
50,DSR,Node P,97.52470497633784,True,7,8,15
50,DSR,Node Q,96.71951380852698,True,11,7,15
50,DSR,Node R,96.73516219463212,True,11,6,15
50,DSR,Node S,98.6451527012299,True,4,6,15
50,DSR,Node T,96.46017764745419,True,11,6,15
50,DSR,BS,100.0,True,0,0,15
50,DSR,Malicious Node,100.0,True,0,0,15
50,SFA,Node A,99.03017766811368,True,5,1,15
50,SFA,Node B,99.32029698777589,True,4,1,15
50,SFA,Node C,99.23809586188887,True,3,1,15
50,SFA,Node D,98.1571777890319,True,5,3,15
50,SFA,Node E,98.15098385654203,True,4,2,15
50,SFA,Node F,98.26565627244985,True,5,3,15
50,SFA,Node G,97.93034463364192,True,8,4,15
50,SFA,Node H,98.5139914278805,True,5,2,15
50,SFA,Node I,98.91282284807389,True,5,3,15
50,SFA,Node J,97.75187949868803,True,7,4,15
50,SFA,Node K,98.29687868639134,True,5,3,15
50,SFA,Node L,98.22749224579917,True,5,2,15
50,SFA,Node M,96.97905178794733,True,9,2,15
50,SFA,Node N,97.7898296796153,True,7,3,15
50,SFA,Node O,98.46898910336574,True,5,2,15
50,SFA,Node P,98.75974850872396,True,5,2,15
50,SFA,Node Q,98.50337828710721,True,6,3,15
50,SFA,Node R,99.39458278047677,True,3,0,15
50,SFA,Node S,99.02960694888263,True,5,1,15
50,SFA,Node T,99.45877765554621,True,4,0,15
50,SFA,BS,95.26667355663521,True,19,0,15
50,SFA,Malicious Node,96.40655332168998,True,9,5,15
55,DSR,Node A,99.35168081178026,True,2,2,16
55,DSR,Node B,98.31470557657236,True,7,6,16
55,DSR,Node C,98.62006287085909,True,4,5,16
55,DSR,Node D,98.3010638846061,True,3,10,16
55,DSR,Node E,99.03129106024693,True,3,3,16
55,DSR,Node F,98.74137776762537,True,4,6,16
55,DSR,Node G,98.17484851386672,True,9,6,16
55,DSR,Node H,96.79189151459263,True,12,9,16
55,DSR,Node I,99.05954994940754,True,3,3,16
55,DSR,Node J,99.60000000000002,True,0,4,16
55,DSR,Node K,98.63498118951571,True,6,4,16
55,DSR,Node L,96.04355692979394,True,13,11,16
55,DSR,Node M,97.87225579640752,True,7,7,16
55,DSR,Node N,98.95856600937186,True,3,3,16
55,DSR,Node O,97.54255645453074,True,7,7,16
55,DSR,Node P,97.42470497633785,True,7,9,16
55,DSR,Node Q,95.37094711565972,True,17,7,16
55,DSR,Node R,96.53516219463214,True,11,8,16
55,DSR,Node S,98.6451527012299,True,4,6,16
55,DSR,Node T,96.3601776474542,True,11,7,16
55,DSR,BS,100.0,True,0,0,16
55,DSR,Malicious Node,100.0,True,0,0,16
55,SFA,Node A,98.90425569712492,True,6,1,16
55,SFA,Node B,98.8011329200325,True,7,2,16
55,SFA,Node C,98.46125971753203,True,6,3,16
55,SFA,Node D,97.73730517464435,True,7,3,16
55,SFA,Node E,97.71184472778214,True,5,2,16
55,SFA,Node F,97.35462650222466,True,7,5,16
55,SFA,Node G,97.53942660551179,True,10,4,16
55,SFA,Node H,97.59667103855585,True,9,3,16
55,SFA,Node I,98.81957648268595,True,6,3,16
55,SFA,Node J,97.44964312275509,True,8,4,16
55,SFA,Node K,97.4049882466998,True,8,3,16
55,SFA,Node L,97.88098807667724,True,6,2,16
55,SFA,Node M,94.8202018547141,True,14,3,16
55,SFA,Node N,97.2414686766908,True,10,3,16
55,SFA,Node O,97.8224257926303,True,7,2,16
55,SFA,Node P,98.2760429871913,True,7,3,16
55,SFA,Node Q,98.34488262398725,True,7,3,16
55,SFA,Node R,98.79097130079462,True,5,2,16
55,SFA,Node S,98.28642324278957,True,8,4,16
55,SFA,Node T,99.16872652781416,True,5,2,16
55,SFA,BS,94.46061902228533,True,23,0,16
55,SFA,Malicious Node,95.81470280741972,True,10,6,16
60,DSR,Node A,99.25168081178026,True,2,3,21
60,DSR,Node B,98.21470557657237,True,7,7,21
60,DSR,Node C,97.74012574171815,True,8,5,21
60,DSR,Node D,96.66142938274814,True,8,11,21
60,DSR,Node E,99.03129106024693,True,3,3,21
60,DSR,Node F,98.74137776762537,True,4,6,21
60,DSR,Node G,98.17484851386672,True,9,6,21
60,DSR,Node H,96.69189151459264,True,12,10,21
60,DSR,Node I,98.95954994940755,True,3,4,21
60,DSR,Node J,99.50000000000003,True,0,5,21
60,DSR,Node K,98.53498118951572,True,6,5,21
60,DSR,Node L,96.04355692979394,True,13,11,21
60,DSR,Node M,97.67225579640753,True,7,9,21
60,DSR,Node N,97.90487213852543,True,6,5,21
60,DSR,Node O,97.54255645453074,True,7,7,21
60,DSR,Node P,97.32470497633786,True,7,10,21
60,DSR,Node Q,95.37094711565972,True,17,7,21
60,DSR,Node R,96.23516219463215,True,11,11,21
60,DSR,Node S,98.47217080990734,True,5,6,21
60,DSR,Node T,96.2601776474542,True,11,8,21
60,DSR,BS,100.0,True,0,0,21
60,DSR,Malicious Node,100.0,True,0,0,21
60,SFA,Node A,98.80425569712493,True,6,2,21
60,SFA,Node B,98.7011329200325,True,7,3,21
60,SFA,Node C,98.36125971753204,True,6,4,21
60,SFA,Node D,97.63730517464435,True,7,4,21
60,SFA,Node E,97.61184472778214,True,5,3,21
60,SFA,Node F,97.25462650222467,True,7,6,21
60,SFA,Node G,97.4394266055118,True,10,5,21
60,SFA,Node H,97.49667103855586,True,9,4,21
60,SFA,Node I,98.71957648268595,True,6,4,21
60,SFA,Node J,97.2496431227551,True,8,6,21
60,SFA,Node K,97.4049882466998,True,8,3,21
60,SFA,Node L,97.88098807667724,True,6,2,21
60,SFA,Node M,94.8202018547141,True,14,3,21
60,SFA,Node N,97.2414686766908,True,10,3,21
60,SFA,Node O,97.8224257926303,True,7,2,21
60,SFA,Node P,98.2760429871913,True,7,3,21
60,SFA,Node Q,98.34488262398725,True,7,3,21
60,SFA,Node R,98.79097130079462,True,5,2,21
60,SFA,Node S,98.28642324278957,True,8,4,21
60,SFA,Node T,99.16872652781416,True,5,2,21
60,SFA,BS,91.50769759628554,True,33,0,21
60,SFA,Malicious Node,95.81470280741972,True,10,6,21
65,DSR,Node A,99.15168081178027,True,2,4,27
65,DSR,Node B,98.21470557657237,True,7,7,27
65,DSR,Node C,97.64012574171815,True,8,6,27
65,DSR,Node D,96.56142938274814,True,8,12,27
65,DSR,Node E,99.03129106024693,True,3,3,27
65,DSR,Node F,98.64137776762537,True,4,7,27
65,DSR,Node G,98.07484851386673,True,9,7,27
65,DSR,Node H,96.59189151459265,True,12,11,27
65,DSR,Node I,98.85954994940755,True,3,5,27
65,DSR,Node J,98.59354643195515,True,4,6,27
65,DSR,Node K,98.53498118951572,True,6,5,27
65,DSR,Node L,96.04355692979394,True,13,11,27
65,DSR,Node M,97.57225579640753,True,7,10,27
65,DSR,Node N,97.90487213852543,True,6,5,27
65,DSR,Node O,97.54255645453074,True,7,7,27
65,DSR,Node P,95.84978922618387,True,13,10,27
65,DSR,Node Q,95.27094711565972,True,17,8,27
65,DSR,Node R,96.23516219463215,True,11,11,27
65,DSR,Node S,98.09691804662107,True,7,6,27
65,DSR,Node T,96.06017764745421,True,11,10,27
65,DSR,BS,100.0,True,0,0,27
65,DSR,Malicious Node,100.0,True,0,0,27
65,SFA,Node A,98.80425569712493,True,6,2,27
65,SFA,Node B,98.7011329200325,True,7,3,27
65,SFA,Node C,98.36125971753204,True,6,4,27
65,SFA,Node D,97.63730517464435,True,7,4,27
65,SFA,Node E,96.81866950061047,True,7,3,27
65,SFA,Node F,97.25462650222467,True,7,6,27
65,SFA,Node G,97.4394266055118,True,10,5,27
65,SFA,Node H,97.49667103855586,True,9,4,27
65,SFA,Node I,98.62633011729801,True,7,4,27
65,SFA,Node J,97.2496431227551,True,8,6,27
65,SFA,Node K,97.3049882466998,True,8,4,27
65,SFA,Node L,97.78098807667725,True,6,3,27
65,SFA,Node M,94.8202018547141,True,14,3,27
65,SFA,Node N,97.1414686766908,True,10,4,27
65,SFA,Node O,97.7224257926303,True,7,3,27
65,SFA,Node P,97.85170893815909,True,8,4,27
65,SFA,Node Q,98.24488262398725,True,7,4,27
65,SFA,Node R,98.54837133123296,True,6,3,27
65,SFA,Node S,98.18642324278957,True,8,5,27
65,SFA,Node T,98.8715896168932,True,7,2,27
65,SFA,BS,89.32372411374114,True,43,0,27
65,SFA,Malicious Node,95.81470280741972,True,10,6,27
70,DSR,Node A,99.05168081178027,True,2,5,30
70,DSR,Node B,98.0656362180359,True,8,7,30
70,DSR,Node C,97.64012574171815,True,8,6,30
70,DSR,Node D,96.46142938274815,True,8,13,30
70,DSR,Node E,98.73129106024695,True,3,6,30
70,DSR,Node F,98.0327555352507,True,7,7,30
70,DSR,Node G,97.97484851386673,True,9,8,30
70,DSR,Node H,96.49189151459265,True,12,12,30
70,DSR,Node I,98.85954994940755,True,3,5,30
70,DSR,Node J,97.90682576454476,True,7,6,30
70,DSR,Node K,98.43498118951572,True,6,6,30
70,DSR,Node L,96.04355692979394,True,13,11,30
70,DSR,Node M,97.28614108009114,True,8,10,30
70,DSR,Node N,97.90487213852543,True,6,5,30
70,DSR,Node O,97.54255645453074,True,7,7,30
70,DSR,Node P,94.35152528132986,True,19,12,30
70,DSR,Node Q,95.27094711565972,True,17,8,30
70,DSR,Node R,96.23516219463215,True,11,11,30
70,DSR,Node S,97.99691804662108,True,7,7,30
70,DSR,Node T,95.96017764745422,True,11,11,30
70,DSR,BS,100.0,True,0,0,30
70,DSR,Malicious Node,100.0,True,0,0,30
70,SFA,Node A,98.70425569712494,True,6,3,30
70,SFA,Node B,98.60113292003251,True,7,4,30
70,SFA,Node C,98.26125971753204,True,6,5,30
70,SFA,Node D,97.53730517464436,True,7,5,30
70,SFA,Node E,96.71866950061047,True,7,4,30
70,SFA,Node F,97.15462650222467,True,7,7,30
70,SFA,Node G,97.3394266055118,True,10,6,30
70,SFA,Node H,97.39667103855587,True,9,5,30
70,SFA,Node I,98.52633011729802,True,7,5,30
70,SFA,Node J,97.14964312275511,True,8,7,30
70,SFA,Node K,97.3049882466998,True,8,4,30
70,SFA,Node L,97.78098807667725,True,6,3,30
70,SFA,Node M,94.7202018547141,True,14,4,30
70,SFA,Node N,97.1414686766908,True,10,4,30
70,SFA,Node O,97.7224257926303,True,7,3,30
70,SFA,Node P,97.85170893815909,True,8,4,30
70,SFA,Node Q,98.24488262398725,True,7,4,30
70,SFA,Node R,98.44837133123296,True,6,4,30
70,SFA,Node S,98.18642324278957,True,8,5,30
70,SFA,Node T,98.77158961689321,True,7,3,30
70,SFA,BS,86.57902480777241,True,53,0,30
70,SFA,Malicious Node,95.71470280741973,True,10,7,30
75,DSR,Node A,98.88890660719838,True,3,5,33
75,DSR,Node B,98.0656362180359,True,8,7,33
75,DSR,Node C,97.64012574171815,True,8,6,33
75,DSR,Node D,96.04547589798608,True,9,15,33
75,DSR,Node E,98.63129106024695,True,3,7,33
75,DSR,Node F,98.0327555352507,True,7,7,33
75,DSR,Node G,97.87484851386674,True,9,9,33
75,DSR,Node H,96.49189151459265,True,12,12,33
75,DSR,Node I,98.13872956485342,True,5,7,33
75,DSR,Node J,97.80682576454477,True,7,7,33
75,DSR,Node K,98.43498118951572,True,6,6,33
75,DSR,Node L,96.04355692979394,True,13,11,33
75,DSR,Node M,96.364607987727,True,13,11,33
75,DSR,Node N,97.90487213852543,True,6,5,33
75,DSR,Node O,97.34255645453075,True,7,9,33
75,DSR,Node P,94.25152528132986,True,19,13,33
75,DSR,Node Q,95.27094711565972,True,17,8,33
75,DSR,Node R,94.78928901948086,True,16,11,33
75,DSR,Node S,97.89691804662108,True,7,8,33
75,DSR,Node T,95.86017764745422,True,11,12,33
75,DSR,BS,100.0,True,0,0,33
75,DSR,Malicious Node,100.0,True,0,0,33
75,SFA,Node A,98.70425569712494,True,6,3,33
75,SFA,Node B,98.60113292003251,True,7,4,33
75,SFA,Node C,98.15778941775311,True,7,5,33
75,SFA,Node D,97.20727364745993,True,8,5,33
75,SFA,Node E,96.71866950061047,True,7,4,33
75,SFA,Node F,97.0111249580409,True,8,7,33
75,SFA,Node G,97.3394266055118,True,10,6,33
75,SFA,Node H,97.39667103855587,True,9,5,33
75,SFA,Node I,98.52633011729802,True,7,5,33
75,SFA,Node J,97.14964312275511,True,8,7,33
75,SFA,Node K,97.20498824669981,True,8,5,33
75,SFA,Node L,97.68098807667725,True,6,4,33
75,SFA,Node M,94.59393104343262,True,15,4,33
75,SFA,Node N,97.04146867669081,True,10,5,33
75,SFA,Node O,97.62242579263031,True,7,4,33
75,SFA,Node P,97.7517089381591,True,8,5,33
75,SFA,Node Q,98.14488262398726,True,7,5,33
75,SFA,Node R,98.34837133123297,True,6,5,33
75,SFA,Node S,98.08642324278958,True,8,6,33
75,SFA,Node T,98.50398397504513,True,8,4,33
75,SFA,BS,84.17446912709484,True,63,0,33
75,SFA,Malicious Node,95.71470280741973,True,10,7,33
80,DSR,Node A,98.88890660719838,True,3,5,35
80,DSR,Node B,97.96563621803591,True,8,8,35
80,DSR,Node C,97.64012574171815,True,8,6,35
80,DSR,Node D,94.57691670521417,True,14,15,35
80,DSR,Node E,98.63129106024695,True,3,7,35
80,DSR,Node F,98.0327555352507,True,7,7,35
80,DSR,Node G,97.67484851386675,True,9,11,35
80,DSR,Node H,96.29189151459266,True,12,14,35
80,DSR,Node I,98.13872956485342,True,5,7,35
80,DSR,Node J,97.70682576454477,True,7,8,35
80,DSR,Node K,98.33498118951573,True,6,7,35
80,DSR,Node L,94.70064832311863,True,19,11,35
80,DSR,Node M,96.364607987727,True,13,11,35
80,DSR,Node N,97.80487213852544,True,6,6,35
80,DSR,Node O,97.34255645453075,True,7,9,35
80,DSR,Node P,94.15152528132987,True,19,14,35
80,DSR,Node Q,95.07094711565973,True,17,10,35
80,DSR,Node R,94.68928901948087,True,16,12,35
80,DSR,Node S,97.89691804662108,True,7,8,35
80,DSR,Node T,95.66017764745423,True,11,14,35
80,DSR,BS,100.0,True,0,0,35
80,DSR,Malicious Node,100.0,True,0,0,35
80,SFA,Node A,98.60425569712494,True,6,4,35
80,SFA,Node B,98.33627605508099,True,8,5,35
80,SFA,Node C,97.95778941775312,True,7,7,35
80,SFA,Node D,97.00727364745994,True,8,7,35
80,SFA,Node E,96.61866950061048,True,7,5,35
80,SFA,Node F,96.81149843128303,True,9,8,35
80,SFA,Node G,97.23942660551181,True,10,7,35
80,SFA,Node H,97.19667103855588,True,9,7,35
80,SFA,Node I,98.52633011729802,True,7,5,35
80,SFA,Node J,97.05980203555198,True,9,7,35
80,SFA,Node K,97.20498824669981,True,8,5,35
80,SFA,Node L,97.68098807667725,True,6,4,35
80,SFA,Node M,94.59393104343262,True,15,4,35
80,SFA,Node N,96.94146867669082,True,10,6,35
80,SFA,Node O,97.62242579263031,True,7,4,35
80,SFA,Node P,97.7517089381591,True,8,5,35
80,SFA,Node Q,98.14488262398726,True,7,5,35
80,SFA,Node R,98.34837133123297,True,6,5,35
80,SFA,Node S,98.08642324278958,True,8,6,35
80,SFA,Node T,98.50398397504513,True,8,4,35
80,SFA,BS,81.67804229789124,True,73,0,35
80,SFA,Malicious Node,95.61470280741973,True,10,8,35
85,DSR,Node A,98.88890660719838,True,3,5,41
85,DSR,Node B,97.86563621803592,True,8,9,41
85,DSR,Node C,96.9802850074892,True,11,7,41
85,DSR,Node D,94.57691670521417,True,14,15,41
85,DSR,Node E,97.96258212049386,True,6,7,41
85,DSR,Node F,97.9327555352507,True,7,8,41
85,DSR,Node G,97.07541013171885,True,13,11,41
85,DSR,Node H,95.77796904414043,True,14,14,41
85,DSR,Node I,97.63053181206426,True,7,8,41
85,DSR,Node J,97.60682576454478,True,7,9,41
85,DSR,Node K,98.33498118951573,True,6,7,41
85,DSR,Node L,94.39403567895734,True,20,12,41
85,DSR,Node M,96.364607987727,True,13,11,41
85,DSR,Node N,97.80487213852544,True,6,6,41
85,DSR,Node O,97.24255645453076,True,7,10,41
85,DSR,Node P,93.85152528132988,True,19,17,41
85,DSR,Node Q,95.07094711565973,True,17,10,41
85,DSR,Node R,94.38928901948088,True,16,15,41
85,DSR,Node S,97.79691804662109,True,7,9,41
85,DSR,Node T,95.66017764745423,True,11,14,41
85,DSR,BS,100.0,True,0,0,41
85,DSR,Malicious Node,100.0,True,0,0,41
85,SFA,Node A,98.60425569712494,True,6,4,41
85,SFA,Node B,98.33627605508099,True,8,5,41
85,SFA,Node C,97.95778941775312,True,7,7,41
85,SFA,Node D,97.00727364745994,True,8,7,41
85,SFA,Node E,96.61866950061048,True,7,5,41
85,SFA,Node F,96.81149843128303,True,9,8,41
85,SFA,Node G,97.23942660551181,True,10,7,41
85,SFA,Node H,97.19667103855588,True,9,7,41
85,SFA,Node I,98.42633011729802,True,7,6,41
85,SFA,Node J,96.95980203555199,True,9,8,41
85,SFA,Node K,97.10498824669982,True,8,6,41
85,SFA,Node L,97.58098807667726,True,6,5,41
85,SFA,Node M,94.59393104343262,True,15,4,41
85,SFA,Node N,96.84146867669082,True,10,7,41
85,SFA,Node O,97.52242579263032,True,7,5,41
85,SFA,Node P,97.6517089381591,True,8,6,41
85,SFA,Node Q,98.04488262398726,True,7,6,41
85,SFA,Node R,98.24837133123297,True,6,6,41
85,SFA,Node S,98.08642324278958,True,8,6,41
85,SFA,Node T,98.50398397504513,True,8,4,41
85,SFA,BS,79.39114268373005,True,83,0,41
85,SFA,Malicious Node,95.61470280741973,True,10,8,41
90,DSR,Node A,98.88890660719838,True,3,5,46
90,DSR,Node B,97.86563621803592,True,8,9,46
90,DSR,Node C,96.9802850074892,True,11,7,46
90,DSR,Node D,94.37691670521419,True,14,17,46
90,DSR,Node E,97.96258212049386,True,6,7,46
90,DSR,Node F,97.9327555352507,True,7,8,46
90,DSR,Node G,96.3591330515446,True,18,11,46
90,DSR,Node H,95.07954997733972,True,18,14,46
90,DSR,Node I,97.63053181206426,True,7,8,46
90,DSR,Node J,96.9440149608209,True,10,10,46
90,DSR,Node K,98.33498118951573,True,6,7,46
90,DSR,Node L,94.19403567895735,True,20,14,46
90,DSR,Node M,96.264607987727,True,13,12,46
90,DSR,Node N,97.80487213852544,True,6,6,46
90,DSR,Node O,96.9339125650342,True,8,10,46
90,DSR,Node P,93.6515252813299,True,19,19,46
90,DSR,Node Q,94.97094711565974,True,17,11,46
90,DSR,Node R,94.28928901948089,True,16,16,46
90,DSR,Node S,97.79691804662109,True,7,9,46
90,DSR,Node T,95.66017764745423,True,11,14,46
90,DSR,BS,100.0,True,0,0,46
90,DSR,Malicious Node,100.0,True,0,0,46
90,SFA,Node A,98.22648978415867,True,9,4,46
90,SFA,Node B,97.9214299078084,True,11,5,46
90,SFA,Node C,96.87471649688604,True,12,8,46
90,SFA,Node D,96.24721059309108,True,10,8,46
90,SFA,Node E,95.20125211433081,True,10,6,46
90,SFA,Node F,96.05046866105783,True,12,8,46
90,SFA,Node G,96.50409762574684,True,14,7,46
90,SFA,Node H,95.96632076215096,True,13,7,46
90,SFA,Node I,98.23983738652214,True,9,6,46
90,SFA,Node J,96.05309290775318,True,12,8,46
90,SFA,Node K,96.09698962539422,True,11,8,46
90,SFA,Node L,96.17498881304006,True,11,5,46
90,SFA,Node M,90.29213969444801,True,25,5,46
90,SFA,Node N,94.43992328303656,True,18,8,46
90,SFA,Node O,96.16072022809047,True,11,6,46
90,SFA,Node P,97.0136290995971,True,11,6,46
90,SFA,Node Q,97.0716951406955,True,12,7,46
90,SFA,Node R,97.28891801329796,True,10,6,46
90,SFA,Node S,97.27112845445156,True,11,8,46
90,SFA,Node T,97.3073488182167,True,12,6,46
90,SFA,BS,78.89929216945978,True,84,0,46
90,SFA,Malicious Node,94.03915126460893,True,13,9,46
95,DSR,Node A,98.88890660719838,True,3,5,57
95,DSR,Node B,97.86563621803592,True,8,9,57
95,DSR,Node C,96.9802850074892,True,11,7,57
95,DSR,Node D,94.37691670521419,True,14,17,57
95,DSR,Node E,97.96258212049386,True,6,7,57
95,DSR,Node F,97.9327555352507,True,7,8,57
95,DSR,Node G,96.25913305154461,True,18,12,57
95,DSR,Node H,94.87954997733974,True,18,16,57
95,DSR,Node I,97.63053181206426,True,7,8,57
95,DSR,Node J,96.9440149608209,True,10,10,57
95,DSR,Node K,98.13498118951574,True,6,9,57
95,DSR,Node L,92.54451442812075,True,27,15,57
95,DSR,Node M,96.264607987727,True,13,12,57
95,DSR,Node N,97.80487213852544,True,6,6,57
95,DSR,Node O,96.1828075569576,True,11,10,57
95,DSR,Node P,93.5515252813299,True,19,20,57
95,DSR,Node Q,94.87094711565975,True,17,12,57
95,DSR,Node R,94.1892890194809,True,16,17,57
95,DSR,Node S,97.41732351113723,True,9,9,57
95,DSR,Node T,95.46017764745424,True,11,16,57
95,DSR,BS,100.0,True,0,0,57
95,DSR,Malicious Node,100.0,True,0,0,57
95,SFA,Node A,98.12648978415868,True,9,5,57
95,SFA,Node B,97.68314785871755,True,12,6,57
95,SFA,Node C,96.77471649688604,True,12,9,57
95,SFA,Node D,95.81717906590666,True,11,9,57
95,SFA,Node E,94.66211298557093,True,11,7,57
95,SFA,Node F,95.59495377594524,True,13,9,57
95,SFA,Node G,96.50409762574684,True,14,7,57
95,SFA,Node H,95.70270142409301,True,14,7,57
95,SFA,Node I,98.1465910211342,True,10,6,57
95,SFA,Node J,96.05309290775318,True,12,8,57
95,SFA,Node K,95.72279517764034,True,12,8,57
95,SFA,Node L,96.17498881304006,True,11,5,57
95,SFA,Node M,89.22375951959934,True,28,6,57
95,SFA,Node N,94.12130339117249,True,19,8,57
95,SFA,Node O,95.83743857272275,True,12,6,57
95,SFA,Node P,96.69478044301597,True,12,7,57
95,SFA,Node Q,97.0716951406955,True,12,7,57
95,SFA,Node R,97.28891801329796,True,10,6,57
95,SFA,Node S,97.06603019167221,True,12,8,57
95,SFA,Node T,97.11729769048463,True,13,7,57
95,SFA,BS,76.79834808157706,True,92,0,57
95,SFA,Malicious Node,93.73915126460895,True,13,12,57
5,DSR,Node A,96.26602055957044,True,10,0,68
5,DSR,Node B,100.0,True,0,0,68
5,DSR,Node C,100.0,True,0,0,68
5,DSR,Node D,100.0,True,0,0,68
5,DSR,Node E,100.0,True,0,0,68
5,DSR,Node F,100.0,True,0,0,68
5,DSR,Node G,100.0,True,0,0,68
5,DSR,Node H,100.0,True,0,0,68
5,DSR,Node I,100.0,True,0,0,68
5,DSR,Node J,100.0,True,0,0,68
5,DSR,Node K,100.0,True,0,0,68
5,DSR,Node L,100.0,True,0,0,68
5,DSR,Node M,100.0,True,0,0,68
5,DSR,Node N,99.60000000000002,True,0,4,68
5,DSR,Node O,100.0,True,0,0,68
5,DSR,Node P,99.60000000000002,True,0,4,68
5,DSR,Node Q,100.0,True,0,0,68
5,DSR,Node R,100.0,True,0,0,68
5,DSR,Node S,100.0,True,0,0,68
5,DSR,Node T,100.0,True,0,0,68
5,DSR,BS,100.0,True,0,0,68
5,DSR,Malicious Node,100.0,True,0,0,68
5,SFA,Node A,100.0,True,0,0,68
5,SFA,Node B,100.0,True,0,0,68
5,SFA,Node C,100.0,True,0,0,68
5,SFA,Node D,100.0,True,0,0,68
5,SFA,Node E,100.0,True,0,0,68
5,SFA,Node F,100.0,True,0,0,68
5,SFA,Node G,100.0,True,0,0,68
5,SFA,Node H,100.0,True,0,0,68
5,SFA,Node I,100.0,True,0,0,68
5,SFA,Node J,100.0,True,0,0,68
5,SFA,Node K,99.86716283186992,True,1,0,68
5,SFA,Node L,100.0,True,0,0,68
5,SFA,Node M,100.0,True,0,0,68
5,SFA,Node N,99.85490060945985,True,1,0,68
5,SFA,Node O,100.0,True,0,0,68
5,SFA,Node P,100.0,True,0,0,68
5,SFA,Node Q,100.0,True,0,0,68
5,SFA,Node R,100.0,True,0,0,68
5,SFA,Node S,100.0,True,0,0,68
5,SFA,Node T,100.0,True,0,0,68
5,SFA,BS,100.0,True,0,0,68
5,SFA,Malicious Node,100.0,True,0,0,68
10,DSR,Node A,92.53204111914087,True,20,0,69
10,DSR,Node B,100.0,True,0,0,69
10,DSR,Node C,100.0,True,0,0,69
10,DSR,Node D,100.0,True,0,0,69
10,DSR,Node E,100.0,True,0,0,69
10,DSR,Node F,100.0,True,0,0,69
10,DSR,Node G,100.0,True,0,0,69
10,DSR,Node H,100.0,True,0,0,69
10,DSR,Node I,100.0,True,0,0,69
10,DSR,Node J,100.0,True,0,0,69
10,DSR,Node K,100.0,True,0,0,69
10,DSR,Node L,100.0,True,0,0,69
10,DSR,Node M,100.0,True,0,0,69
10,DSR,Node N,99.20000000000005,True,0,8,69
10,DSR,Node O,100.0,True,0,0,69
10,DSR,Node P,99.10000000000005,True,0,9,69
10,DSR,Node Q,100.0,True,0,0,69
10,DSR,Node R,100.0,True,0,0,69
10,DSR,Node S,100.0,True,0,0,69
10,DSR,Node T,100.0,True,0,0,69
10,DSR,BS,100.0,True,0,0,69
10,DSR,Malicious Node,100.0,True,0,0,69
10,SFA,Node A,100.0,True,0,0,69
10,SFA,Node B,99.65949073338084,True,1,0,69
10,SFA,Node C,100.0,True,0,0,69
10,SFA,Node D,100.0,True,0,0,69
10,SFA,Node E,100.0,True,0,0,69
10,SFA,Node F,99.62766463478265,True,2,1,69
10,SFA,Node G,100.0,True,0,0,69
10,SFA,Node H,99.77187000455729,True,1,1,69
10,SFA,Node I,99.4768264375651,True,2,1,69
10,SFA,Node J,100.0,True,0,0,69
10,SFA,Node K,99.79706715198675,True,2,0,69
10,SFA,Node L,100.0,True,0,0,69
10,SFA,Node M,99.76052974514906,True,1,0,69
10,SFA,Node N,99.85490060945985,True,1,0,69
10,SFA,Node O,100.0,True,0,0,69
10,SFA,Node P,99.83500141750169,True,1,0,69
10,SFA,Node Q,100.0,True,0,0,69
10,SFA,Node R,100.0,True,0,0,69
10,SFA,Node S,100.0,True,0,0,69
10,SFA,Node T,99.72052225088429,True,1,0,69
10,SFA,BS,100.0,True,0,0,69
10,SFA,Malicious Node,100.0,True,0,0,69
15,DSR,Node A,88.7980616787113,True,30,0,70
15,DSR,Node B,100.0,True,0,0,70
15,DSR,Node C,100.0,True,0,0,70
15,DSR,Node D,100.0,True,0,0,70
15,DSR,Node E,100.0,True,0,0,70
15,DSR,Node F,100.0,True,0,0,70
15,DSR,Node G,100.0,True,0,0,70
15,DSR,Node H,100.0,True,0,0,70
15,DSR,Node I,100.0,True,0,0,70
15,DSR,Node J,100.0,True,0,0,70
15,DSR,Node K,100.0,True,0,0,70
15,DSR,Node L,100.0,True,0,0,70
15,DSR,Node M,100.0,True,0,0,70
15,DSR,Node N,98.70000000000007,True,0,13,70
15,DSR,Node O,100.0,True,0,0,70
15,DSR,Node P,98.50000000000009,True,0,15,70
15,DSR,Node Q,100.0,True,0,0,70
15,DSR,Node R,100.0,True,0,0,70
15,DSR,Node S,100.0,True,0,0,70
15,DSR,Node T,100.0,True,0,0,70
15,DSR,BS,100.0,True,0,0,70
15,DSR,Malicious Node,100.0,True,0,0,70
15,SFA,Node A,99.95,True,1,0,70
15,SFA,Node B,99.65949073338084,True,1,0,70
15,SFA,Node C,99.65047213886062,True,1,0,70
15,SFA,Node D,99.95,True,1,0,70
15,SFA,Node E,99.68994317790894,True,1,0,70
15,SFA,Node F,99.62766463478265,True,2,1,70
15,SFA,Node G,99.71684224715105,True,1,0,70
15,SFA,Node H,99.47376193778415,True,2,1,70
15,SFA,Node I,99.4768264375651,True,2,1,70
15,SFA,Node J,99.73181316927705,True,2,0,70
15,SFA,Node K,99.66422998385667,True,3,0,70
15,SFA,Node L,99.22304635745007,True,4,2,70
15,SFA,Node M,99.76052974514906,True,1,0,70
15,SFA,Node N,99.7098012189197,True,2,0,70
15,SFA,Node O,99.46176853522385,True,2,0,70
15,SFA,Node P,99.83500141750169,True,1,0,70
15,SFA,Node Q,99.73702978869892,True,1,0,70
15,SFA,Node R,99.65693067784551,True,2,1,70
15,SFA,Node S,99.39928067600329,True,2,1,70
15,SFA,Node T,99.72052225088429,True,1,0,70
15,SFA,BS,100.0,True,0,0,70
15,SFA,Malicious Node,99.76118736785328,True,1,0,70
20,DSR,Node A,85.06408223828174,True,40,0,71
20,DSR,Node B,100.0,True,0,0,71
20,DSR,Node C,100.0,True,0,0,71
20,DSR,Node D,100.0,True,0,0,71
20,DSR,Node E,100.0,True,0,0,71
20,DSR,Node F,100.0,True,0,0,71
20,DSR,Node G,100.0,True,0,0,71
20,DSR,Node H,100.0,True,0,0,71
20,DSR,Node I,100.0,True,0,0,71
20,DSR,Node J,100.0,True,0,0,71
20,DSR,Node K,100.0,True,0,0,71
20,DSR,Node L,100.0,True,0,0,71
20,DSR,Node M,100.0,True,0,0,71
20,DSR,Node N,98.2000000000001,True,0,18,71
20,DSR,Node O,100.0,True,0,0,71
20,DSR,Node P,98.10000000000011,True,0,19,71
20,DSR,Node Q,100.0,True,0,0,71
20,DSR,Node R,100.0,True,0,0,71
20,DSR,Node S,100.0,True,0,0,71
20,DSR,Node T,100.0,True,0,0,71
20,DSR,BS,100.0,True,0,0,71
20,DSR,Malicious Node,100.0,True,0,0,71
20,SFA,Node A,99.7419027877613,True,2,1,71
20,SFA,Node B,99.31898146676167,True,2,0,71
20,SFA,Node C,99.65047213886062,True,1,0,71
20,SFA,Node D,99.9,True,2,0,71
20,SFA,Node E,99.37988635581789,True,2,0,71
20,SFA,Node F,99.42542494944846,True,3,1,71
20,SFA,Node G,99.71684224715105,True,1,0,71
20,SFA,Node H,99.47376193778415,True,2,1,71
20,SFA,Node I,99.1817828705729,True,3,1,71
20,SFA,Node J,99.2798442165129,True,4,2,71
20,SFA,Node K,99.53139281572659,True,4,0,71
20,SFA,Node L,99.22304635745007,True,4,2,71
20,SFA,Node M,99.52105949029811,True,2,0,71
20,SFA,Node N,99.60170400668099,True,3,0,71
20,SFA,Node O,98.92480214886949,True,4,1,71
20,SFA,Node P,99.83500141750169,True,1,0,71
20,SFA,Node Q,99.4799721871915,True,2,1,71
20,SFA,Node R,99.57281237904765,True,3,1,71
20,SFA,Node S,99.14222307449587,True,3,2,71
20,SFA,Node T,99.44104450176857,True,2,0,71
20,SFA,BS,100.0,True,0,0,71
20,SFA,Malicious Node,99.76118736785328,True,1,0,71
25,DSR,Node A,81.33010279785218,True,50,0,73
25,DSR,Node B,100.0,True,0,0,73
25,DSR,Node C,100.0,True,0,0,73
25,DSR,Node D,100.0,True,0,0,73
25,DSR,Node E,100.0,True,0,0,73
25,DSR,Node F,100.0,True,0,0,73
25,DSR,Node G,100.0,True,0,0,73
25,DSR,Node H,100.0,True,0,0,73
25,DSR,Node I,100.0,True,0,0,73
25,DSR,Node J,100.0,True,0,0,73
25,DSR,Node K,100.0,True,0,0,73
25,DSR,Node L,100.0,True,0,0,73
25,DSR,Node M,100.0,True,0,0,73
25,DSR,Node N,97.70000000000013,True,0,23,73
25,DSR,Node O,100.0,True,0,0,73
25,DSR,Node P,97.50000000000014,True,0,25,73
25,DSR,Node Q,100.0,True,0,0,73
25,DSR,Node R,100.0,True,0,0,73
25,DSR,Node S,100.0,True,0,0,73
25,DSR,Node T,100.0,True,0,0,73
25,DSR,BS,100.0,True,0,0,73
25,DSR,Malicious Node,100.0,True,0,0,73
25,SFA,Node A,99.2503374511459,True,4,2,73
25,SFA,Node B,98.41825526665316,True,4,2,73
25,SFA,Node C,99.30094427772124,True,2,0,73
25,SFA,Node D,99.5408391365069,True,3,0,73
25,SFA,Node E,99.37988635581789,True,2,0,73
25,SFA,Node F,99.42542494944846,True,3,1,73
25,SFA,Node G,99.12563704852832,True,3,1,73
25,SFA,Node H,99.17565387101101,True,3,1,73
25,SFA,Node I,99.1817828705729,True,3,1,73
25,SFA,Node J,99.15446846091183,True,5,2,73
25,SFA,Node K,99.3233453699528,True,5,0,73
25,SFA,Node L,99.00595994982224,True,5,2,73
25,SFA,Node M,99.52105949029811,True,2,0,73
25,SFA,Node N,99.45660461614084,True,4,0,73
25,SFA,Node O,98.92480214886949,True,4,1,73
25,SFA,Node P,99.67000283500337,True,2,0,73
25,SFA,Node Q,99.21700197589043,True,3,1,73
25,SFA,Node R,99.29170834997677,True,4,2,73
25,SFA,Node S,98.79659461721576,True,4,2,73
25,SFA,Node T,99.44104450176857,True,2,0,73
25,SFA,BS,100.0,True,0,0,73
25,SFA,Malicious Node,99.52237473570656,True,2,0,73
30,DSR,Node A,77.59612335742261,True,60,0,75
30,DSR,Node B,100.0,True,0,0,75
30,DSR,Node C,100.0,True,0,0,75
30,DSR,Node D,100.0,True,0,0,75
30,DSR,Node E,100.0,True,0,0,75
30,DSR,Node F,100.0,True,0,0,75
30,DSR,Node G,100.0,True,0,0,75
30,DSR,Node H,100.0,True,0,0,75
30,DSR,Node I,100.0,True,0,0,75
30,DSR,Node J,100.0,True,0,0,75
30,DSR,Node K,100.0,True,0,0,75
30,DSR,Node L,100.0,True,0,0,75
30,DSR,Node M,100.0,True,0,0,75
30,DSR,Node N,97.10000000000016,True,0,29,75
30,DSR,Node O,100.0,True,0,0,75
30,DSR,Node P,97.00000000000017,True,0,30,75
30,DSR,Node Q,100.0,True,0,0,75
30,DSR,Node R,100.0,True,0,0,75
30,DSR,Node S,100.0,True,0,0,75
30,DSR,Node T,100.0,True,0,0,75
30,DSR,BS,100.0,True,0,0,75
30,DSR,Malicious Node,100.0,True,0,0,75
30,SFA,Node A,98.97215875481241,True,5,2,75
30,SFA,Node B,98.41825526665316,True,4,2,75
30,SFA,Node C,99.30094427772124,True,2,0,75
30,SFA,Node D,99.44083913650691,True,3,1,75
30,SFA,Node E,99.06982953372683,True,3,0,75
30,SFA,Node F,99.02094557878007,True,5,1,75
30,SFA,Node G,99.12563704852832,True,3,1,75
30,SFA,Node H,99.17565387101101,True,3,1,75
30,SFA,Node I,98.88673930358071,True,4,1,75
30,SFA,Node J,99.15446846091183,True,5,2,75
30,SFA,Node K,99.08871170096232,True,7,0,75
30,SFA,Node L,98.80416344896184,True,6,3,75
30,SFA,Node M,99.28158923544717,True,3,0,75
30,SFA,Node N,99.45660461614084,True,4,0,75
30,SFA,Node O,98.92480214886949,True,4,1,75
30,SFA,Node P,99.67000283500337,True,2,0,75
30,SFA,Node Q,99.21700197589043,True,3,1,75
30,SFA,Node R,99.29170834997677,True,4,2,75
30,SFA,Node S,98.45096615993565,True,5,2,75
30,SFA,Node T,98.78338805631938,True,4,1,75
30,SFA,BS,99.60949073338084,True,2,0,75
30,SFA,Malicious Node,99.52237473570656,True,2,0,75
35,DSR,Node A,73.86214391699305,True,70,0,77
35,DSR,Node B,100.0,True,0,0,77
35,DSR,Node C,100.0,True,0,0,77
35,DSR,Node D,100.0,True,0,0,77
35,DSR,Node E,100.0,True,0,0,77
35,DSR,Node F,100.0,True,0,0,77
35,DSR,Node G,100.0,True,0,0,77
35,DSR,Node H,100.0,True,0,0,77
35,DSR,Node I,100.0,True,0,0,77
35,DSR,Node J,100.0,True,0,0,77
35,DSR,Node K,100.0,True,0,0,77
35,DSR,Node L,100.0,True,0,0,77
35,DSR,Node M,100.0,True,0,0,77
35,DSR,Node N,96.70000000000019,True,0,33,77
35,DSR,Node O,100.0,True,0,0,77
35,DSR,Node P,96.5000000000002,True,0,35,77
35,DSR,Node Q,100.0,True,0,0,77
35,DSR,Node R,100.0,True,0,0,77
35,DSR,Node S,100.0,True,0,0,77
35,DSR,Node T,100.0,True,0,0,77
35,DSR,BS,100.0,True,0,0,77
35,DSR,Malicious Node,100.0,True,0,0,77
35,SFA,Node A,98.87215875481242,True,5,3,77
35,SFA,Node B,98.31825526665317,True,4,3,77
35,SFA,Node C,99.20094427772125,True,2,1,77
35,SFA,Node D,99.34083913650691,True,3,2,77
35,SFA,Node E,98.96982953372684,True,3,1,77
35,SFA,Node F,98.92094557878008,True,5,2,77
35,SFA,Node G,99.02563704852832,True,3,2,77
35,SFA,Node H,99.07565387101101,True,3,2,77
35,SFA,Node I,98.78673930358072,True,4,2,77
35,SFA,Node J,99.05446846091183,True,5,3,77
35,SFA,Node K,98.98871170096233,True,7,1,77
35,SFA,Node L,98.80416344896184,True,6,3,77
35,SFA,Node M,99.28158923544717,True,3,0,77
35,SFA,Node N,99.45660461614084,True,4,0,77
35,SFA,Node O,98.92480214886949,True,4,1,77
35,SFA,Node P,99.67000283500337,True,2,0,77
35,SFA,Node Q,99.21700197589043,True,3,1,77
35,SFA,Node R,99.29170834997677,True,4,2,77
35,SFA,Node S,98.45096615993565,True,5,2,77
35,SFA,Node T,98.78338805631938,True,4,1,77
35,SFA,BS,97.23942456012209,True,12,0,77
35,SFA,Malicious Node,99.52237473570656,True,2,0,77
40,DSR,Node A,70.12816447656348,True,80,0,79
40,DSR,Node B,100.0,True,0,0,79
40,DSR,Node C,100.0,True,0,0,79
40,DSR,Node D,100.0,True,0,0,79
40,DSR,Node E,100.0,True,0,0,79
40,DSR,Node F,100.0,True,0,0,79
40,DSR,Node G,100.0,True,0,0,79
40,DSR,Node H,100.0,True,0,0,79
40,DSR,Node I,100.0,True,0,0,79
40,DSR,Node J,100.0,True,0,0,79
40,DSR,Node K,100.0,True,0,0,79
40,DSR,Node L,100.0,True,0,0,79
40,DSR,Node M,100.0,True,0,0,79
40,DSR,Node N,96.10000000000022,True,0,39,79
40,DSR,Node O,100.0,True,0,0,79
40,DSR,Node P,96.10000000000022,True,0,39,79
40,DSR,Node Q,100.0,True,0,0,79
40,DSR,Node R,100.0,True,0,0,79
40,DSR,Node S,100.0,True,0,0,79
40,DSR,Node T,100.0,True,0,0,79
40,DSR,BS,100.0,True,0,0,79
40,DSR,Malicious Node,100.0,True,0,0,79
40,SFA,Node A,98.69904728261797,True,7,3,79
40,SFA,Node B,97.75927257615102,True,6,3,79
40,SFA,Node C,98.85141641658187,True,3,1,79
40,SFA,Node D,99.29083913650692,True,4,2,79
40,SFA,Node E,98.96982953372684,True,3,1,79
40,SFA,Node F,98.71870589344589,True,6,2,79
40,SFA,Node G,98.74247929567937,True,4,2,79
40,SFA,Node H,98.77754580423787,True,4,2,79
40,SFA,Node I,98.78673930358072,True,4,2,79
40,SFA,Node J,98.92909270531077,True,6,3,79
40,SFA,Node K,98.72303736470217,True,9,1,79
40,SFA,Node L,98.48707704133402,True,7,4,79
40,SFA,Node M,99.18158923544718,True,3,1,79
40,SFA,Node N,99.21150522560069,True,5,1,79
40,SFA,Node O,98.41124202810927,True,6,2,79
40,SFA,Node P,99.40500425250507,True,3,1,79
40,SFA,Node Q,98.85403176458935,True,4,2,79
40,SFA,Node R,98.79977587771815,True,6,3,79
40,SFA,Node S,98.00533770265554,True,6,3,79
40,SFA,Node T,98.41737840682858,True,5,2,79
40,SFA,BS,95.30221777578105,True,21,0,79
40,SFA,Malicious Node,99.28356210355985,True,3,0,79
45,DSR,Node A,66.39418503613392,True,90,0,83
45,DSR,Node B,100.0,True,0,0,83
45,DSR,Node C,100.0,True,0,0,83
45,DSR,Node D,100.0,True,0,0,83
45,DSR,Node E,100.0,True,0,0,83
45,DSR,Node F,100.0,True,0,0,83
45,DSR,Node G,100.0,True,0,0,83
45,DSR,Node H,100.0,True,0,0,83
45,DSR,Node I,100.0,True,0,0,83
45,DSR,Node J,100.0,True,0,0,83
45,DSR,Node K,100.0,True,0,0,83
45,DSR,Node L,100.0,True,0,0,83
45,DSR,Node M,100.0,True,0,0,83
45,DSR,Node N,95.60000000000025,True,0,44,83
45,DSR,Node O,100.0,True,0,0,83
45,DSR,Node P,95.60000000000025,True,0,44,83
45,DSR,Node Q,100.0,True,0,0,83
45,DSR,Node R,100.0,True,0,0,83
45,DSR,Node S,100.0,True,0,0,83
45,DSR,Node T,100.0,True,0,0,83
45,DSR,BS,100.0,True,0,0,83
45,DSR,Malicious Node,100.0,True,0,0,83
45,SFA,Node A,98.54904728261798,True,8,4,83
45,SFA,Node B,96.90724845074762,True,8,5,83
45,SFA,Node C,98.3018885554425,True,4,3,83
45,SFA,Node D,99.19083913650692,True,4,3,83
45,SFA,Node E,98.55977271163579,True,4,2,83
45,SFA,Node F,98.71870589344589,True,6,2,83
45,SFA,Node G,98.74247929567937,True,4,2,83
45,SFA,Node H,98.67754580423788,True,4,3,83
45,SFA,Node I,98.49169573658853,True,5,2,83
45,SFA,Node J,98.5106192814278,True,7,5,83
45,SFA,Node K,98.32452586031192,True,12,1,83
45,SFA,Node L,98.35296483573225,True,8,4,83
45,SFA,Node M,98.44490757165055,True,5,3,83
45,SFA,Node N,99.1115052256007,True,5,2,83
45,SFA,Node O,98.10041358492153,True,7,3,83
45,SFA,Node P,99.10635476712008,True,4,1,83
45,SFA,Node Q,98.59106155328827,True,5,2,83
45,SFA,Node R,98.61867184864727,True,7,3,83
45,SFA,Node S,98.00533770265554,True,6,3,83
45,SFA,Node T,98.13790065771286,True,6,2,83
45,SFA,BS,93.71672638774831,True,28,0,83
45,SFA,Malicious Node,99.08356210355986,True,3,2,83
50,DSR,Node A,62.660205595704355,True,100,0,85
50,DSR,Node B,100.0,True,0,0,85
50,DSR,Node C,100.0,True,0,0,85
50,DSR,Node D,100.0,True,0,0,85
50,DSR,Node E,100.0,True,0,0,85
50,DSR,Node F,100.0,True,0,0,85
50,DSR,Node G,100.0,True,0,0,85
50,DSR,Node H,100.0,True,0,0,85
50,DSR,Node I,100.0,True,0,0,85
50,DSR,Node J,100.0,True,0,0,85
50,DSR,Node K,100.0,True,0,0,85
50,DSR,Node L,100.0,True,0,0,85
50,DSR,Node M,100.0,True,0,0,85
50,DSR,Node N,95.10000000000028,True,0,49,85
50,DSR,Node O,100.0,True,0,0,85
50,DSR,Node P,95.10000000000028,True,0,49,85
50,DSR,Node Q,100.0,True,0,0,85
50,DSR,Node R,100.0,True,0,0,85
50,DSR,Node S,100.0,True,0,0,85
50,DSR,Node T,100.0,True,0,0,85
50,DSR,BS,100.0,True,0,0,85
50,DSR,Malicious Node,100.0,True,0,0,85
50,SFA,Node A,98.54904728261798,True,8,4,85
50,SFA,Node B,96.90724845074762,True,8,5,85
50,SFA,Node C,98.3018885554425,True,4,3,85
50,SFA,Node D,99.19083913650692,True,4,3,85
50,SFA,Node E,98.55977271163579,True,4,2,85
50,SFA,Node F,98.61870589344589,True,6,3,85
50,SFA,Node G,98.64247929567938,True,4,3,85
50,SFA,Node H,98.57754580423789,True,4,4,85
50,SFA,Node I,98.39169573658853,True,5,3,85
50,SFA,Node J,98.4106192814278,True,7,6,85
50,SFA,Node K,98.32452586031192,True,12,1,85
50,SFA,Node L,98.25296483573226,True,8,5,85
50,SFA,Node M,98.34490757165055,True,5,4,85
50,SFA,Node N,99.0115052256007,True,5,3,85
50,SFA,Node O,98.00041358492153,True,7,4,85
50,SFA,Node P,99.00635476712009,True,4,2,85
50,SFA,Node Q,98.59106155328827,True,5,2,85
50,SFA,Node R,98.61867184864727,True,7,3,85
50,SFA,Node S,98.00533770265554,True,6,3,85
50,SFA,Node T,98.13790065771286,True,6,2,85
50,SFA,BS,91.51835439010463,True,38,0,85
50,SFA,Malicious Node,99.08356210355986,True,3,2,85
55,DSR,Node A,58.92622615527479,True,110,0,87
55,DSR,Node B,100.0,True,0,0,87
55,DSR,Node C,100.0,True,0,0,87
55,DSR,Node D,100.0,True,0,0,87
55,DSR,Node E,100.0,True,0,0,87
55,DSR,Node F,100.0,True,0,0,87
55,DSR,Node G,100.0,True,0,0,87
55,DSR,Node H,100.0,True,0,0,87
55,DSR,Node I,100.0,True,0,0,87
55,DSR,Node J,100.0,True,0,0,87
55,DSR,Node K,100.0,True,0,0,87
55,DSR,Node L,100.0,True,0,0,87
55,DSR,Node M,100.0,True,0,0,87
55,DSR,Node N,94.6000000000003,True,0,54,87
55,DSR,Node O,100.0,True,0,0,87
55,DSR,Node P,94.6000000000003,True,0,54,87
55,DSR,Node Q,100.0,True,0,0,87
55,DSR,Node R,100.0,True,0,0,87
55,DSR,Node S,100.0,True,0,0,87
55,DSR,Node T,100.0,True,0,0,87
55,DSR,BS,100.0,True,0,0,87
55,DSR,Malicious Node,100.0,True,0,0,87
55,SFA,Node A,98.34904728261799,True,8,6,87
55,SFA,Node B,96.70724845074763,True,8,7,87
55,SFA,Node C,97.90323907005752,True,5,4,87
55,SFA,Node D,99.14083913650693,True,5,3,87
55,SFA,Node E,98.4597727116358,True,4,3,87
55,SFA,Node F,98.61870589344589,True,6,3,87
55,SFA,Node G,98.64247929567938,True,4,3,87
55,SFA,Node H,98.57754580423789,True,4,4,87
55,SFA,Node I,98.39169573658853,True,5,3,87
55,SFA,Node J,98.16213205363228,True,9,6,87
55,SFA,Node K,98.32452586031192,True,12,1,87
55,SFA,Node L,98.03587842810443,True,9,5,87
55,SFA,Node M,98.06635097767663,True,7,4,87
55,SFA,Node N,98.60039618556974,True,7,3,87
55,SFA,Node O,97.63129785253346,True,8,5,87
55,SFA,Node P,98.74135618462178,True,5,3,87
55,SFA,Node Q,98.49106155328828,True,5,3,87
55,SFA,Node R,98.51867184864727,True,7,4,87
55,SFA,Node S,97.90533770265554,True,6,4,87
55,SFA,Node T,97.93790065771287,True,6,4,87
55,SFA,BS,89.3021019163783,True,48,0,87
55,SFA,Malicious Node,98.67204724477561,True,4,3,87
60,DSR,Node A,55.192246714845226,True,120,0,89
60,DSR,Node B,100.0,True,0,0,89
60,DSR,Node C,100.0,True,0,0,89
60,DSR,Node D,100.0,True,0,0,89
60,DSR,Node E,100.0,True,0,0,89
60,DSR,Node F,100.0,True,0,0,89
60,DSR,Node G,100.0,True,0,0,89
60,DSR,Node H,100.0,True,0,0,89
60,DSR,Node I,100.0,True,0,0,89
60,DSR,Node J,100.0,True,0,0,89
60,DSR,Node K,100.0,True,0,0,89
60,DSR,Node L,100.0,True,0,0,89
60,DSR,Node M,100.0,True,0,0,89
60,DSR,Node N,94.20000000000033,True,0,58,89
60,DSR,Node O,100.0,True,0,0,89
60,DSR,Node P,94.10000000000034,True,0,59,89
60,DSR,Node Q,100.0,True,0,0,89
60,DSR,Node R,100.0,True,0,0,89
60,DSR,Node S,100.0,True,0,0,89
60,DSR,Node T,100.0,True,0,0,89
60,DSR,BS,100.0,True,0,0,89
60,DSR,Malicious Node,100.0,True,0,0,89
60,SFA,Node A,98.34904728261799,True,8,6,89
60,SFA,Node B,96.70724845074763,True,8,7,89
60,SFA,Node C,97.90323907005752,True,5,4,89
60,SFA,Node D,99.04083913650693,True,5,4,89
60,SFA,Node E,98.4597727116358,True,4,3,89
60,SFA,Node F,98.5187058934459,True,6,4,89
60,SFA,Node G,98.54247929567939,True,4,4,89
60,SFA,Node H,98.47754580423789,True,4,5,89
60,SFA,Node I,98.29169573658854,True,5,4,89
60,SFA,Node J,98.06213205363228,True,9,7,89
60,SFA,Node K,98.32452586031192,True,12,1,89
60,SFA,Node L,97.93587842810443,True,9,6,89
60,SFA,Node M,97.96635097767664,True,7,5,89
60,SFA,Node N,98.50039618556974,True,7,4,89
60,SFA,Node O,97.53129785253347,True,8,6,89
60,SFA,Node P,98.64135618462178,True,5,4,89
60,SFA,Node Q,98.49106155328828,True,5,3,89
60,SFA,Node R,98.51867184864727,True,7,4,89
60,SFA,Node S,97.90533770265554,True,6,4,89
60,SFA,Node T,97.93790065771287,True,6,4,89
60,SFA,BS,87.00167619495656,True,58,0,89
60,SFA,Malicious Node,98.67204724477561,True,4,3,89
65,DSR,Node A,51.45826727441566,True,130,0,93
65,DSR,Node B,100.0,True,0,0,93
65,DSR,Node C,100.0,True,0,0,93
65,DSR,Node D,100.0,True,0,0,93
65,DSR,Node E,100.0,True,0,0,93
65,DSR,Node F,100.0,True,0,0,93
65,DSR,Node G,100.0,True,0,0,93
65,DSR,Node H,100.0,True,0,0,93
65,DSR,Node I,100.0,True,0,0,93
65,DSR,Node J,100.0,True,0,0,93
65,DSR,Node K,100.0,True,0,0,93
65,DSR,Node L,100.0,True,0,0,93
65,DSR,Node M,100.0,True,0,0,93
65,DSR,Node N,93.60000000000036,True,0,64,93
65,DSR,Node O,100.0,True,0,0,93
65,DSR,Node P,93.50000000000037,True,0,65,93
65,DSR,Node Q,100.0,True,0,0,93
65,DSR,Node R,100.0,True,0,0,93
65,DSR,Node S,100.0,True,0,0,93
65,DSR,Node T,100.0,True,0,0,93
65,DSR,BS,100.0,True,0,0,93
65,DSR,Malicious Node,100.0,True,0,0,93
65,SFA,Node A,98.29904728261799,True,9,6,93
65,SFA,Node B,96.36673918412846,True,9,7,93
65,SFA,Node C,97.45371120891815,True,6,5,93
65,SFA,Node D,98.99083913650693,True,6,4,93
65,SFA,Node E,97.55282136860082,True,7,4,93
65,SFA,Node F,98.11422652277751,True,8,4,93
65,SFA,Node G,97.87616378998149,True,6,5,93
65,SFA,Node H,97.58411826174591,True,7,5,93
65,SFA,Node I,97.70160860260415,True,7,4,93
65,SFA,Node J,97.74737202893209,True,11,7,93
65,SFA,Node K,97.66034001966152,True,17,1,93
65,SFA,Node L,97.53239655715348,True,11,7,93
65,SFA,Node M,97.48741046797475,True,9,5,93
65,SFA,Node N,98.35529679502959,True,8,4,93
65,SFA,Node O,97.11773773177325,True,10,6,93
65,SFA,Node P,97.83817046213863,True,8,5,93
65,SFA,Node Q,97.88080849218014,True,7,4,93
65,SFA,Node R,98.2375678195764,True,8,5,93
65,SFA,Node S,97.11408078809532,True,8,5,93
65,SFA,Node T,97.07993424947841,True,9,5,93
65,SFA,BS,85.90665332734314,True,63,0,93
65,SFA,Malicious Node,98.09442198048218,True,6,4,93
70,DSR,Node A,47.7242878339861,True,140,0,96
70,DSR,Node B,100.0,True,0,0,96
70,DSR,Node C,100.0,True,0,0,96
70,DSR,Node D,100.0,True,0,0,96
70,DSR,Node E,100.0,True,0,0,96
70,DSR,Node F,100.0,True,0,0,96
70,DSR,Node G,100.0,True,0,0,96
70,DSR,Node H,100.0,True,0,0,96
70,DSR,Node I,100.0,True,0,0,96
70,DSR,Node J,100.0,True,0,0,96
70,DSR,Node K,100.0,True,0,0,96
70,DSR,Node L,100.0,True,0,0,96
70,DSR,Node M,100.0,True,0,0,96
70,DSR,Node N,93.10000000000039,True,0,69,96
70,DSR,Node O,100.0,True,0,0,96
70,DSR,Node P,93.10000000000039,True,0,69,96
70,DSR,Node Q,100.0,True,0,0,96
70,DSR,Node R,100.0,True,0,0,96
70,DSR,Node S,100.0,True,0,0,96
70,DSR,Node T,100.0,True,0,0,96
70,DSR,BS,100.0,True,0,0,96
70,DSR,Malicious Node,100.0,True,0,0,96
70,SFA,Node A,98.149047282618,True,10,7,96
70,SFA,Node B,95.9262299175093,True,10,8,96
70,SFA,Node C,96.6055338623938,True,8,7,96
70,SFA,Node D,98.84083913650694,True,7,5,96
70,SFA,Node E,96.85338027741065,True,9,6,96
70,SFA,Node F,97.81198683744333,True,9,5,96
70,SFA,Node G,97.40616833827967,True,8,5,96
70,SFA,Node H,97.48411826174592,True,7,6,96
70,SFA,Node I,97.70160860260415,True,7,4,96
70,SFA,Node J,97.52199627333103,True,12,8,96
70,SFA,Node K,97.21182851527128,True,21,1,96
70,SFA,Node L,97.01629923952261,True,13,8,96
70,SFA,Node M,97.38741046797476,True,9,6,96
70,SFA,Node N,98.07902342201507,True,10,4,96
70,SFA,Node O,96.84862199938517,True,11,6,96
70,SFA,Node P,97.4867764163172,True,10,6,96
70,SFA,Node Q,97.61783828087906,True,8,4,96
70,SFA,Node R,98.05646379050552,True,9,5,96
70,SFA,Node S,96.76845233081521,True,9,5,96
70,SFA,Node T,96.97993424947842,True,9,6,96
70,SFA,BS,84.60431969215935,True,69,0,96
70,SFA,Malicious Node,97.7185323919737,True,8,4,96
75,DSR,Node A,43.99030839355653,True,150,0,99
75,DSR,Node B,100.0,True,0,0,99
75,DSR,Node C,100.0,True,0,0,99
75,DSR,Node D,100.0,True,0,0,99
75,DSR,Node E,100.0,True,0,0,99
75,DSR,Node F,100.0,True,0,0,99
75,DSR,Node G,100.0,True,0,0,99
75,DSR,Node H,100.0,True,0,0,99
75,DSR,Node I,100.0,True,0,0,99
75,DSR,Node J,100.0,True,0,0,99
75,DSR,Node K,100.0,True,0,0,99
75,DSR,Node L,100.0,True,0,0,99
75,DSR,Node M,100.0,True,0,0,99
75,DSR,Node N,92.60000000000042,True,0,74,99
75,DSR,Node O,100.0,True,0,0,99
75,DSR,Node P,92.60000000000042,True,0,74,99
75,DSR,Node Q,100.0,True,0,0,99
75,DSR,Node R,100.0,True,0,0,99
75,DSR,Node S,100.0,True,0,0,99
75,DSR,Node T,100.0,True,0,0,99
75,DSR,BS,100.0,True,0,0,99
75,DSR,Malicious Node,100.0,True,0,0,99
75,SFA,Node A,98.149047282618,True,10,7,99
75,SFA,Node B,95.9262299175093,True,10,8,99
75,SFA,Node C,96.6055338623938,True,8,7,99
75,SFA,Node D,98.84083913650694,True,7,5,99
75,SFA,Node E,96.85338027741065,True,9,6,99
75,SFA,Node F,97.71198683744333,True,9,6,99
75,SFA,Node G,97.30616833827968,True,8,6,99
75,SFA,Node H,97.38411826174593,True,7,7,99
75,SFA,Node I,97.60160860260416,True,7,5,99
75,SFA,Node J,97.42199627333103,True,12,9,99
75,SFA,Node K,97.21182851527128,True,21,1,99
75,SFA,Node L,96.91629923952262,True,13,9,99
75,SFA,Node M,97.28741046797477,True,9,7,99
75,SFA,Node N,97.97902342201508,True,10,5,99
75,SFA,Node O,96.74862199938518,True,11,7,99
75,SFA,Node P,97.3867764163172,True,10,7,99
75,SFA,Node Q,97.61783828087906,True,8,4,99
75,SFA,Node R,98.05646379050552,True,9,5,99
75,SFA,Node S,96.76845233081521,True,9,5,99
75,SFA,Node T,96.97993424947842,True,9,6,99
75,SFA,BS,82.3038939707376,True,79,0,99
75,SFA,Malicious Node,97.7185323919737,True,8,4,99
80,DSR,Node A,40.25632895312697,True,160,0,101
80,DSR,Node B,100.0,True,0,0,101
80,DSR,Node C,100.0,True,0,0,101
80,DSR,Node D,100.0,True,0,0,101
80,DSR,Node E,100.0,True,0,0,101
80,DSR,Node F,100.0,True,0,0,101
80,DSR,Node G,100.0,True,0,0,101
80,DSR,Node H,100.0,True,0,0,101
80,DSR,Node I,100.0,True,0,0,101
80,DSR,Node J,100.0,True,0,0,101
80,DSR,Node K,100.0,True,0,0,101
80,DSR,Node L,100.0,True,0,0,101
80,DSR,Node M,100.0,True,0,0,101
80,DSR,Node N,92.10000000000045,True,0,79,101
80,DSR,Node O,100.0,True,0,0,101
80,DSR,Node P,92.10000000000045,True,0,79,101
80,DSR,Node Q,100.0,True,0,0,101
80,DSR,Node R,100.0,True,0,0,101
80,DSR,Node S,100.0,True,0,0,101
80,DSR,Node T,100.0,True,0,0,101
80,DSR,BS,100.0,True,0,0,101
80,DSR,Malicious Node,100.0,True,0,0,101
80,SFA,Node A,98.049047282618,True,10,8,101
80,SFA,Node B,95.82622991750931,True,10,9,101
80,SFA,Node C,96.6055338623938,True,8,7,101
80,SFA,Node D,98.74083913650695,True,7,6,101
80,SFA,Node E,96.85338027741065,True,9,6,101
80,SFA,Node F,97.71198683744333,True,9,6,101
80,SFA,Node G,97.30616833827968,True,8,6,101
80,SFA,Node H,97.38411826174593,True,7,7,101
80,SFA,Node I,97.60160860260416,True,7,5,101
80,SFA,Node J,97.29662051772996,True,13,9,101
80,SFA,Node K,97.21182851527128,True,21,1,101
80,SFA,Node L,96.91629923952262,True,13,9,101
80,SFA,Node M,97.28741046797477,True,9,7,101
80,SFA,Node N,97.97902342201508,True,10,5,101
80,SFA,Node O,96.74862199938518,True,11,7,101
80,SFA,Node P,97.3867764163172,True,10,7,101
80,SFA,Node Q,97.51783828087906,True,8,5,101
80,SFA,Node R,97.95646379050552,True,9,6,101
80,SFA,Node S,96.66845233081521,True,9,6,101
80,SFA,Node T,96.87993424947842,True,9,7,101
80,SFA,BS,80.10877715327459,True,89,0,101
80,SFA,Malicious Node,97.6185323919737,True,8,5,101
85,DSR,Node A,36.5223495126974,True,170,0,105
85,DSR,Node B,100.0,True,0,0,105
85,DSR,Node C,100.0,True,0,0,105
85,DSR,Node D,100.0,True,0,0,105
85,DSR,Node E,100.0,True,0,0,105
85,DSR,Node F,100.0,True,0,0,105
85,DSR,Node G,100.0,True,0,0,105
85,DSR,Node H,100.0,True,0,0,105
85,DSR,Node I,100.0,True,0,0,105
85,DSR,Node J,100.0,True,0,0,105
85,DSR,Node K,100.0,True,0,0,105
85,DSR,Node L,100.0,True,0,0,105
85,DSR,Node M,100.0,True,0,0,105
85,DSR,Node N,91.60000000000048,True,0,84,105
85,DSR,Node O,100.0,True,0,0,105
85,DSR,Node P,91.60000000000048,True,0,84,105
85,DSR,Node Q,100.0,True,0,0,105
85,DSR,Node R,100.0,True,0,0,105
85,DSR,Node S,100.0,True,0,0,105
85,DSR,Node T,100.0,True,0,0,105
85,DSR,BS,100.0,True,0,0,105
85,DSR,Malicious Node,100.0,True,0,0,105
85,SFA,Node A,98.049047282618,True,10,8,105
85,SFA,Node B,95.82622991750931,True,10,9,105
85,SFA,Node C,96.5055338623938,True,8,8,105
85,SFA,Node D,98.74083913650695,True,7,6,105
85,SFA,Node E,96.75338027741066,True,9,7,105
85,SFA,Node F,97.61198683744334,True,9,7,105
85,SFA,Node G,97.20616833827968,True,8,7,105
85,SFA,Node H,97.28411826174593,True,7,8,105
85,SFA,Node I,97.50160860260416,True,7,6,105
85,SFA,Node J,97.19662051772997,True,13,10,105
85,SFA,Node K,97.21182851527128,True,21,1,105
85,SFA,Node L,96.81629923952262,True,13,10,105
85,SFA,Node M,97.18741046797477,True,9,8,105
85,SFA,Node N,97.87902342201508,True,10,6,105
85,SFA,Node O,96.74862199938518,True,11,7,105
85,SFA,Node P,97.3867764163172,True,10,7,105
85,SFA,Node Q,97.51783828087906,True,8,5,105
85,SFA,Node R,97.95646379050552,True,9,6,105
85,SFA,Node S,96.66845233081521,True,9,6,105
85,SFA,Node T,96.87993424947842,True,9,7,105
85,SFA,BS,77.86908195781973,True,99,0,105
85,SFA,Malicious Node,97.6185323919737,True,8,5,105
90,DSR,Node A,32.78837007226784,True,180,0,107
90,DSR,Node B,100.0,True,0,0,107
90,DSR,Node C,100.0,True,0,0,107
90,DSR,Node D,100.0,True,0,0,107
90,DSR,Node E,100.0,True,0,0,107
90,DSR,Node F,100.0,True,0,0,107
90,DSR,Node G,100.0,True,0,0,107
90,DSR,Node H,100.0,True,0,0,107
90,DSR,Node I,100.0,True,0,0,107
90,DSR,Node J,100.0,True,0,0,107
90,DSR,Node K,100.0,True,0,0,107
90,DSR,Node L,100.0,True,0,0,107
90,DSR,Node M,100.0,True,0,0,107
90,DSR,Node N,91.1000000000005,True,0,89,107
90,DSR,Node O,100.0,True,0,0,107
90,DSR,Node P,91.1000000000005,True,0,89,107
90,DSR,Node Q,100.0,True,0,0,107
90,DSR,Node R,100.0,True,0,0,107
90,DSR,Node S,100.0,True,0,0,107
90,DSR,Node T,100.0,True,0,0,107
90,DSR,BS,100.0,True,0,0,107
90,DSR,Malicious Node,100.0,True,0,0,107
90,SFA,Node A,97.94904728261801,True,10,9,107
90,SFA,Node B,95.72622991750931,True,10,10,107
90,SFA,Node C,96.25825101258674,True,9,8,107
90,SFA,Node D,98.74083913650695,True,7,6,107
90,SFA,Node E,96.75338027741066,True,9,7,107
90,SFA,Node F,97.61198683744334,True,9,7,107
90,SFA,Node G,97.20616833827968,True,8,7,107
90,SFA,Node H,97.28411826174593,True,7,8,107
90,SFA,Node I,97.50160860260416,True,7,6,107
90,SFA,Node J,97.19662051772997,True,13,10,107
90,SFA,Node K,97.21182851527128,True,21,1,107
90,SFA,Node L,96.81629923952262,True,13,10,107
90,SFA,Node M,97.18741046797477,True,9,8,107
90,SFA,Node N,97.87902342201508,True,10,6,107
90,SFA,Node O,96.64862199938518,True,11,8,107
90,SFA,Node P,97.28677641631721,True,10,8,107
90,SFA,Node Q,97.41783828087907,True,8,6,107
90,SFA,Node R,97.85646379050553,True,9,7,107
90,SFA,Node S,96.56845233081522,True,9,7,107
90,SFA,Node T,96.77993424947843,True,9,8,107
90,SFA,BS,75.72105175114669,True,109,0,107
90,SFA,Malicious Node,97.51853239197371,True,8,6,107
95,DSR,Node A,29.054390631838274,True,190,0,109
95,DSR,Node B,100.0,True,0,0,109
95,DSR,Node C,100.0,True,0,0,109
95,DSR,Node D,100.0,True,0,0,109
95,DSR,Node E,100.0,True,0,0,109
95,DSR,Node F,100.0,True,0,0,109
95,DSR,Node G,100.0,True,0,0,109
95,DSR,Node H,100.0,True,0,0,109
95,DSR,Node I,100.0,True,0,0,109
95,DSR,Node J,100.0,True,0,0,109
95,DSR,Node K,100.0,True,0,0,109
95,DSR,Node L,100.0,True,0,0,109
95,DSR,Node M,100.0,True,0,0,109
95,DSR,Node N,90.70000000000053,True,0,93,109
95,DSR,Node O,100.0,True,0,0,109
95,DSR,Node P,90.50000000000054,True,0,95,109
95,DSR,Node Q,100.0,True,0,0,109
95,DSR,Node R,100.0,True,0,0,109
95,DSR,Node S,100.0,True,0,0,109
95,DSR,Node T,100.0,True,0,0,109
95,DSR,BS,100.0,True,0,0,109
95,DSR,Malicious Node,100.0,True,0,0,109
95,SFA,Node A,97.94904728261801,True,10,9,109
95,SFA,Node B,95.72622991750931,True,10,10,109
95,SFA,Node C,96.15825101258675,True,9,9,109
95,SFA,Node D,98.64083913650695,True,7,7,109
95,SFA,Node E,96.65338027741066,True,9,8,109
95,SFA,Node F,97.51198683744335,True,9,8,109
95,SFA,Node G,97.10616833827969,True,8,8,109
95,SFA,Node H,97.18411826174594,True,7,9,109
95,SFA,Node I,97.40160860260417,True,7,7,109
95,SFA,Node J,97.09662051772997,True,13,11,109
95,SFA,Node K,97.21182851527128,True,21,1,109
95,SFA,Node L,96.81629923952262,True,13,10,109
95,SFA,Node M,97.08741046797478,True,9,9,109
95,SFA,Node N,97.87902342201508,True,10,6,109
95,SFA,Node O,96.64862199938518,True,11,8,109
95,SFA,Node P,97.28677641631721,True,10,8,109
95,SFA,Node Q,97.41783828087907,True,8,6,109
95,SFA,Node R,97.85646379050553,True,9,7,109
95,SFA,Node S,96.56845233081522,True,9,7,109
95,SFA,Node T,96.77993424947843,True,9,8,109
95,SFA,BS,73.33629831609909,True,119,0,109
95,SFA,Malicious Node,97.51853239197371,True,8,6,109
